Fcode,cmfp,dash,hei,FD_name,edible,water,kcal,kj,prot,fat,cho,fiber,sodium
11206,1,,,小麦面粉(标准粉）,100,9.9,354,1482,15.7,2.5,70.9,3.7,3.1
11207,1,,,挂面（富强粉、特一粉）,100,10.8,361,1509,12.3,1.5,74.9,0.4,2.7
11208,1,,,小麦面粉(特制）,100,10.4,366,1531,13.3,2.2,73.5,,60.3
11313,1,,,挂面（富强粉）,100,10.2,361,1511,13,1.5,74.7,0.8,110.6
11314,1,,,龙须面（素）,100,10.4,356,1490,10.8,1.8,75.7,1.5,249.8
11315,1,,,龙须面（鸡蛋）,100,10.2,345,1445,14,1.8,71.5,3.2,711.2
11316,1,,,面条（富强粉，切面）,100,29,272,1140,8.9,0.4,60.7,2.4,11.5
11317,1,,,面条（富强粉，煮）,100,72.7,104,433,3.9,0.4,22.8,1.7,26.9
11410,1,,,花卷（加牛奶）,100,30.8,274,1145,6.5,3.2,58.9,4.2,97
11411,1,,,馒头（富强粉）,100,40.3,226,946,7.1,1.3,50.9,4.4,165
11503,1,,,面筋（肉馅）,100,49.2,364,1522,16.2,33.2,0.1,,663.8
12106,1,,,粳米（极品精米）,100,13.9,337,1412,6.4,1.2,78.1,2.8,2.7
12107,1,,,粳米（西域王米）,100,13.3,352,1472,7.5,1.8,77,,2
12108,1,,,粳米（小站精米）,100,12.9,342,1429,6.9,0.7,79.2,2.3,2.2
12214,1,,,籼米,100,13.1,328,1374,7.5,1.1,78,5.9,1.7
12215,1,,,香米,100,13.5,335,1400,8.4,0.7,77.2,3.5,1.8
12408,1,,,籼米饭（蒸）,100,70.1,113,474,3,0.4,26.4,2,1.7
12409,1,,,籼米粥,100,85,58,242,1.3,0.2,13.4,0.7,2.8
12410,1,,,米粉,100,12.7,346,1446,0.4,0.8,85.8,1.6,52.2
12411,1,,,河粉,100,11.2,356,1491,7.7,1.5,79.2,1.2,8.2
13108,1,,,玉米粒（黄，干）,100,11.8,298,1248,8,0.8,79.2,14.4,0
13109,1,,,玉米面（黄）,100,11.2,339,1419,8.5,1.5,78.4,5.5,2.3
13110,1,,,玉米糁,100,12.5,297,1243,7.4,1.2,78.7,14.5,1.7
13202,1,,,玉米面面条,100,12.3,348,1456,6.6,0.3,80.5,,0
14102,1,,,黑大麦,100,10.9,297,1243,10.2,2.2,74.3,,17
15104,1,,,小米（黄）,100,9.7,355,1485,8.9,3,77.7,4.6,0.6
19010,1,,,荞麦面,100,14.2,329,1377,11.3,2.8,70.2,5.5,0.9
19011,1,,,莜麦面,100,8.8,380,1589,13.7,8.6,67.7,5.8,1.8
19201,1,,,高粱面面条,100,23.4,304,1271,7,0.2,68.7,,0
21104,,,,马铃薯[土豆，洋芋],94,78.6,79,329,2.6,0.2,17.8,1.2,5.9
21105,,,,马铃薯（烤）,100,80.8,70,293,1.8,0.1,16.4,,6
21106,,,,马铃薯（蒸）,100,80.6,69,289,3,0,15.3,,3
21107,,,,马铃薯（煮）,100,81.5,65,272,3.2,0,14.2,,2
21108,,,,马铃薯全粉,100,5.6,355,1486,8.4,0.5,82.7,,71
21205,,,,甘薯（红心）[山芋、红薯],90,83.4,57,238,0.7,0.2,15.3,2.2,70.9
22108,,,,淀粉（小麦）,100,13.1,351,1469,0.2,0.5,86,   ,3
22109,,,,淀粉（大米）,100,9.7,366,1531,0.2,0.7,89.3,,11
22110,,,,淀粉（马铃薯）,100,17.4,332,1389,0.1,0.1,82,,5
22111,,,,淀粉（甘薯）,100,15.1,342,1431,0.1,0.2,84.4,,3
22112,,,,煎炸粉,100,11.9,331,1385,12.1,1.4,73.6,,18
31104,5,,,黄豆,100,9.2,389,1626,33.1,15.9,37.3,,13.8
31206,5,,,豆奶粉（维维牌）,100,2.4,419,1753,19.4,9.4,65.2,,221.3
31207,5,,,豆奶粉（多力牌）,100,2.6,398,1663,12.3,6.5,76.4,4,151.4
31208,5,,,豆奶粉（大磨牌）,100,4.3,432,1807,27.4,13,51.6,,99.2
31306,5,,,豆腐（北豆腐）,100,78.6,111,462,9.2,8.1,3,2.8,7.3
31307,5,,,豆腐（南豆腐）,100,83.6,84,352,5.7,5.8,3.9,1.6,3.1
31405,5,,,豆浆,100,93.8,30,126,3,1.6,1.2,0.3,3.7
31406,5,,,豆浆（甜）,100,91.8,33,139,2.4,0.5,4.9,,0
31527,5,,,豆腐皮,100,9.4,431,1803,51.6,23,12.5,8.1,7.4
31528,5,,,腐竹,100,7.1,476,1990,54.2,27.2,8.1,4.6,27.1
31529,,,,豆腐干,100,30.1,414,1731,19.6,35.2,11.4,6.8,690.2
33204,,,,红豆沙,100,37.9,240,1005,4.5,0.1,57.1,,26.3
33205,,,,红豆馅,100,33,255,1069,4.5,0.2,61.7,,28.6
35203,,,,蚕豆（煮）,100,83.7,62,259,4.8,0.5,10.1,3.6,41
39204,,,,豇豆（煮）,100,64.8,133,556,9.5,0.6,24,,0
39303,,,,豌豆（煮）,100,70.5,107,448,8.9,0.3,19.2,,1
39401,,,,鹰嘴豆[桃豆],100,11.3,316,1323,21.2,4.2,60.1,,6
41111,2,,,白萝卜[莱菔],95,94.6,13,52,0.7,0.1,4,1.8,54.3
41112,2,,,白萝卜（圆）,94,94.8,13,53,0.7,0.2,3.6,1.6,117.5
41113,2,,,青萝卜,95,91,23,98,1.2,0.2,6.9,2.7,56
41114,2,,,变萝卜[红皮萝卜],96,94.2,15,61,0.8,0.1,4.2,1.6,111.2
41115,2,,,樱桃萝卜,46,95.4,9,36,0.9,0.1,3,2,82.6
41204,2,,,胡萝卜,97,90,25,106,1,0.2,8.1,3.2,120.7
41402,2,,,根芹[根洋芹、菜球塘蒿],67,86.2,27,113,2.2,0.1,10,5.7,75.9
41403,2,,,紫菜头,89,86.4,33,140,1.8,0.2,10.6,4.5,306
42118,2,,,扁豆,96,89.5,23,96,2.3,0.2,7.4,4.4,3.9
42119,2,,,豇豆,97,90.1,18,76,2.2,0.3,7.3,4.3,9.5
42120,2,,,四季豆[菜豆、芸豆],96,91.2,15,63,2,0.2,6,4.7,4.4
42121,2,,,四棱豆[杨桃豆、翅豆],96,93,11,48,2,0.2,4.2,3.8,5.7
42122,2,,,脆甜荷兰豆[甜豆],100,88,17,70,3,0.3,8.1,7.6,4.4
42205,2,,,黄豆芽,100,89.8,32,134,4.4,1.6,3.6,3.6,28.3
42206,2,,,绿豆芽,100,95.3,13,54,1.7,0.1,2.6,1.3,25.8
42207,2,,,黑豆苗,100,91.7,25,104,4.4,0.8,2.6,2.6,14.9
42208,2,,,豌豆苗,100,91.2,26,110,4.8,0.8,2.6,2.6,20.9
43115,2,,,茄子（白皮，长）,97,92.5,14,59,1.3,0.1,5.5,3.5,1.9
43116,2,,,茄子（紫皮，长）,95,93.4,13,52,1.1,0.1,4.8,3,5
43117,2,,,茄子（紫皮，圆）,98,93.3,19,79,0.8,0.2,5.3,1.8,4.6
43118,2,,,香瓜茄,96,93.6,17,72,0.6,0,5.5,1.8,3.8
43119,2,,,番茄[西红柿],97,95.2,11,46,0.9,0.2,3.3,1.9,9.7
43120,2,,,樱桃番茄[小西红柿],98,92.5,22,91,1,0.2,5.8,1.8,10
43121,2,,,辣椒（小红尖辣椒）,89,76.4,32,136,4.1,0.4,17.7,14.6,11.5
43122,2,,,辣椒（小红尖辣椒，干）,88,10.2,197,825,15.4,12,57.4,50.5,55.7
43123,2,,,辣椒（青，尖）,91,93.4,17,70,0.8,0.3,5.2,2.5,7
43124,2,,,甜椒[灯笼椒、柿子椒],82,94.6,16,66,1,0.2,3.8,1.3,0
43125,2,,,彩椒,83,91.5,19,81,1.3,0.2,6.4,3.3,6.8
43126,2,,,秋葵[黄秋葵、羊豆角],98,91.2,16,68,1.8,0.2,6.2,4.4,8.7
43221,2,,,冬瓜,80,96.9,8,34,0.3,0.2,2.4,1.1,2.8
43222,2,,,飞碟瓜,91,94.1,13,52,1,0.1,4.4,2.5,4.3
43223,2,,,黄金西葫芦,91,93.7,11,47,1.8,0.1,3.6,2.8,3
43224,2,,,黄茎瓜,100,95.4,18,76,1.2,0.9,2,,0
43225,2,,,迷你黄瓜[荷兰乳黄瓜],92,95.8,12,51,1,0.2,2.5,0.9,2.2
43226,2,,,秋黄瓜[旱黄瓜],92,96,12,49,0.9,0.2,2.5,0.9,2.2
43227,2,,,南瓜（栗面）,74,88.8,31,129,1.4,0.1,8.8,2.7,11
43228,2,,,丝瓜,83,94.1,16,68,1.3,0.2,4,1.7,3.7
44206,2,,,大葱,82,91.8,23,95,1.6,0.3,5.8,2.4,8.9
44207,2,,,细香葱[香葱、四季葱],89,91.1,21,88,1.4,0.3,6.6,3.4,13.6
44404,2,,,韭菜,90,92,18,75,2.4,0.4,4.5,3.3,5.8
45117,2,,,大白菜（白口）,85,95.6,13,52,1,0.1,2.9,1,39.9
45118,2,,,大白菜（青口）,83,95.6,9,36,1.1,0.1,2.6,1.8,38.2
45119,2,,,酸白菜[酸菜],100,94.9,5,20,0.7,0.2,2.6,2.6,43.1
45120,2,,,小白菜[青菜],94,94.8,10,43,1.4,0.3,2.4,1.9,132.2
45121,2,,,奶白菜,100,92.6,17,69,2.7,0.2,3.3,2.3,170.2
45122,2,,,鸡毛菜,100,93.5,15,61,2.7,0.2,2.6,2.1,62.7
45123,2,,,娃娃菜,97,95,8,33,1.9,,2.4,2.3,19.3
45124,2,,,乌塌菜[塌菜、塌棵菜],96,94.5,8,34,1.8,0.1,2.6,2.6,59.5
45125,2,,,油菜,96,95.6,10,41,1.3,0.5,2,2,73.7
45126,2,,,油菜心,100,95.1,11,45,1.3,0.4,2.7,2.2,33.4
45210,2,,,结球甘蓝（绿）[圆白菜],86,94.5,12,51,0.9,0.2,4,2.3,42.1
45211,2,,,结球甘蓝（紫）,86,91.8,19,81,1.2,0.2,6.2,3,27
45212,2,,,抱子甘蓝,87,86.7,23,95,3.5,,8.8,6.6,35.5
45213,2,,,羽衣甘蓝,100,87.2,32,132,5,0.4,5.7,3.7,66.8
45214,2,,,盖菜,94,94.8,9,38,1.5,,2.8,2,73.5
45215,2,,,芥蓝[甘蓝菜、盖篮菜],98,91,16,67,3.1,0.3,4.1,3.9,40.2
45216,2,,,菜花[花椰菜],82,93.2,15,61,1.7,0.2,4.2,2.7,39.2
45217,2,,,西蓝花[绿菜花],83,91.6,19,81,3.5,0.6,3.7,3.7,46.7
45327,2,,,番杏[新西兰菠菜，夏菠菜],100,94,10,42,1.8,0.1,3.1,2.6,445.2
45328,2,,,樱桃萝卜缨,100,94,9,37,2,0.1,2.7,2.7,111.3
45329,2,,,白凤菜,100,93.4,10,40,1.6,,4,3.2,152
45330,2,,,紫背天葵[红凤菜、血皮菜],100,93.1,12,52,1.9,,3.8,2.6,19.3
45331,2,,,芹菜（茎）,100,95.4,11,44,0.4,0.2,3.1,1.3,166.4
45332,2,,,西芹[西洋芹菜、美芹],85,93.6,12,51,0.6,0.1,4.8,2.6,313.3
45333,2,,,生菜,94,96.7,10,42,1.6,0.4,1.1,1.1,16.1
45334,2,,,油麦菜,81,95.9,8,33,1.1,0.4,2.1,2.1,32
45335,2,,,叶甜菜（白梗）,100,94.2,7,31,1.6,0.1,2.8,2.8,356.5
45336,2,,,莴笋叶[莴苣菜],100,95,12,51,1,0.2,2.9,1.3,35.6
45337,2,,,蕹菜[空心菜、藤藤菜],100,92.3,11,44,2.2,0.2,4,4,107.6
45338,2,,,观达菜[根达菜、牛皮菜],100,91.8,18,74,1.9,0.3,4.5,,220
45339,2,,,球茎茴香[甜茴香、意大利茴香],70,93.2,10,44,1.2,0,4.7,3.3,90.5
45415,2,,,芦笋（绿）[石刁柏、龙须菜],90,93.3,13,56,2.6,0.1,3.3,2.8,12.4
45416,2,,,芦笋（紫）,93,93.1,18,74,2.7,0.2,3.4,2.1,9.2
45417,2,,,结球菊苣,89,93.8,12,49,1.8,0.2,3.4,2.7,24.9
45418,2,,,软化白菊苣,97,94.7,13,56,1.5,0.2,3.1,1.7,33.6
46010,2,,,藕[莲藕],88,86.4,42,177,1.2,0.2,11.5,2.6,34.3
47203,2,,,芋头[芋艿、毛芋],88,85,54,225,1.3,0.2,12.7,,5.5
47204,2,,,芋头（煮）,100,83,60,251,2.9,0.1,13,,1
48081,2,,,苦苣菜[苦菜、天精菜],100,90.3,29,121,3.1,0.6,4.5,,17.3
48082,2,,,苜蓿[草头、金花菜],95,90.2,32,134,5,0.7,2.9,,26.2
48083,2,,,鱼腥草（叶）[蕺菜、臭菜],100,84.9,13,54,2.1,,10.7,9.6,21.6
48084,2,,,鱼腥草（根）,86,77.4,39,164,2.1,,19.5,11.8,42.4
51028,2,,,白蘑菇[双孢蘑菇、洋蘑菇],100,91.4,27,113,3.5,0.4,3.8,1.8,57
51029,2,,,北风菌[荷叶离褶伞、一窝羊],77,94.6,14,59,1.7,0.1,2.9,,1.4
51030,2,,,草菇[大黑头细花草、稻菇],100,94.6,14,59,1.1,0.4,3.1,1.4,332.1
51031,2,,,茶树菇（干）[柱状田头菇、茶薪菇],100,12.2,279,1166,23.1,2.6,56.1,15.4,6
51032,2,,,干巴菌,91,86.5,26,109,3.8,0.4,8,,2.1
51033,2,,,红奶浆菌[多汁乳菇、谷熟菌],94,94,13,54,1.5,0.4,3.3,,1.2
51034,2,,,黄蘑（干）,100,11,225,940,24.6,6.4,46.9,29.7,31.9
51035,2,,,黄伞菇（干）[多脂鳞伞、黄丝菌],100,10.8,237,993,22.8,3.2,57.5,28.1,6.4
51036,2,,,鸡腿菇（干）[毛头鬼伞],100,10.8,257,1075,26.7,2,51.8,18.8,68.2
51037,2,,,鸡油菌[黄丝菌、杏菌],92,91.4,21,88,2,0.3,5.1,,2.8
51038,2,,,鸡枞[蚁枞、伞把姑、鸡枞菌],96,94.5,16,68,2.5,0.2,2.5,,3.1
51039,2,,,鸡枞（干）,100,13.6,251,1048,32.8,3.7,44.8,23.3,23.9
51040,2,,,鸡枞（油炸）[油鸡枞],100,16.5,635,2657,4.8,66.3,10.2,,1265.7
51041,2,,,鸡枞花,86,95,16,67,2.3,0.3,1.8,,2.7
51042,2,,,白牛肝菌[美味牛肝菌],93,90.2,32,134,4,0.4,4.5,,2.1
51043,2,,,白牛肝菌（干）[美味牛肝菌],100,11.6,253,1057,27.8,1.6,53.3,21.5,9.1
51044,2,,,黑牛肝菌[铜色牛肝菌],95,90.6,29,121,3.6,0.2,4.8,,1.3
51045,2,,,黄皮牛肝菌[黄皮疣柄牛肝菌、黄赖头],97,89.7,24,100,4.3,0.1,5.3,,1.6
51046,2,,,乳牛肝菌（干）[粘盖牛肝菌、松树菌],100,10.5,178,746,15.3,2.8,66,43,11.2
51047,2,,,牛眼睛菌[马勃菌],93,86.6,32,134,5.1,0.3,6.6,,1.8
51048,2,,,平菇[糙皮侧耳、青菇],100,94.4,14,59,1.7,0.1,3.2,1.6,13.2
51049,2,,,青头菌[变绿红菇、绿菇],95,93.3,15,63,2.7,0.1,3.1,,1.1
51050,2,,,松蘑（干）[松茸、松口蘑],100,10.6,202,847,12.5,3,66.5,35.1,31.6
51051,2,,,杏鲍菇,100,89.6,31,129,1.3,0.1,8.3,,3.5
51052,2,,,血红菇（干）,100,7.8,252,1054,22.4,6.7,56,30.5,2.9
51053,2,,,元蘑（干）[亚侧耳、冬蘑、黄蘑],100,7.8,146,609,12.3,1.5,70.3,49.6,13.4
51054,2,,,竹荪（干）[竹笙、竹参],100,13.9,155,648,17.8,3.1,60.3,,50
51055,2,,,榛蘑（干）[小蜜环菌],100,8,271,1135,17.7,10.8,54.6,28.8,18.7
52009,2,,,螺旋藻（干）,100,6.5,356,1487,64.7,3.1,18.2,,1624
52010,2,,,裙带菜（干）[海芥菜、海木耳],100,9.2,119,498,25,1.7,41.5,40.6,4411.6
52011,2,,,海带菜,100,68.3,89,373,1.4,7.5,15.3,11.3,2511.7
61907,3,,,蛇果,84,84.4,55,232,0.1,0.2,14.9,1.6,3.1
62115,3,,,蜜桃,88,87.9,45,188,0.6,0.1,11,,1.7
62116,3,,,桃（糖水罐头）,100,84.9,59,249,0.3,0.2,14.5,0.4,2.7
62207,3,,,布朗,87,88,41,173,0.6,0.2,10.7,1.4,2.2
62208,3,,,西梅,76,88.5,39,163,0.7,0.1,10.3,1.5,3.2
62312,3,,,冬枣,93,69.5,105,439,1.8,0.2,27.8,3.8,33
62313,3,,,小枣（干）,81,28.3,266,1114,2.7,0.7,66.8,4.5,12.2
63911,3,,,红提子葡萄,86,85.6,52,218,0.4,0.2,13.1,0.9,4.4
63912,3,,,无花果（干）,100,11.5,361,1510,3.6,4.3,77.8,13.3,10
64303,3,,,葡萄柚（台湾）[西柚],73,90.9,33,138,0.7,0.3,7.8,1.2,7
64304,3,,,葡萄柚（以色列）[西柚],65,88.8,37,153,0.7,0.1,10,1.8,4.1
65021,3,,,桂圆（干）,34,14,309,1292,5.6,0.2,76.2,5.1,3.2
65022,3,,,红毛丹,79,80,79,330,1,1.2,17.5,1.5,2.3
65023,3,,,火龙果[仙蜜果、红龙果],69,84.8,51,215,1.1,0.2,13.3,2,2.7
65024,3,,,荔枝（干）,56,15,317,1327,4.5,1.2,77.4,5.3,0
65025,3,,,榴莲,37,64.5,147,613,2.6,3.3,28.3,1.7,2.9
65026,3,,,芒果（大头）,68,86.1,50,209,0.5,0.1,12.9,,3.6
65027,3,,,木瓜[番木瓜],89,91.7,30,126,0.6,0,7.2,,10.4
65028,3,,,酸木瓜,79,87.8,35,146,0.3,0.2,11.1,,1.9
65029,3,,,蒲桃[香果、水石榴],69,88.9,38,160,0.6,0,10.1,,0
65030,3,,,山竹,25,81.2,69,290,0.4,0.2,18,1.5,3.8
65031,3,,,香蕉（红皮，海南）,70,77.1,82,344,1.1,0.2,20.8,1.8,3.2
65032,3,,,香蕉（红皮，泰国）,67,78.1,78,326,1.1,0.2,19.7,1.8,3.1
66206,3,,,小西瓜[地雷瓜],62,92.1,29,123,0.8,0.1,6.7,0.4,4.8
71026,,,,山核桃（熟）,45,2.8,618,2586,8.3,64.5,21.3,20.2,855.5
71027,,,,栗子（北京密云）[板栗],80,53.3,182,762,4.4,1.6,39.6,,0
71028,,,,栗子（河南）[板栗],80,51.2,186,777,4.4,1.4,41.9,,0
71029,,,,栗子（山东）[板栗],80,57.3,164,688,4.4,1,36.3,,0
71030,,,,栗子（河北迁西）[板栗],80,53.6,178,745,3.8,0.9,40.7,,0
71031,,,,栗子（河北邢台）[板栗],80,53.6,179,750,4.3,1.1,39.9,,0
71032,,,,栗子仁（熟）,100,47.3,174,727,4.5,1.5,45.7,10.2,8.7
71033,,,,松子（熟）,69,3.4,530,2218,12.9,40.4,40.3,11.6,666
71034,,,,杏仁（熟，带壳）,63,1.7,626,2619,25.1,58.4,11,11,195.8
71035,,,,杏仁（熟，去壳）,100,3.1,605,2530,28,54.4,11.1,10.3,342.2
71036,,,,腰果（熟）,100,2.1,594,2484,24,50.9,20.4,10.5,35.7
71037,,,,榛子（熟）,66,2.2,617,2579,12.5,57.3,25.6,12.9,9.4
71038,,,,榛子仁（熟）,100,2.2,610,2552,15.6,52.9,26.7,8.8,153
71039,,,,开心果（熟）,82,0.8,614,2570,20.6,53,21.9,8.2,756.4
71040,,,,香榧（熟）,61,1.1,618,2586,12.4,57,26.9,13,215.6
72020,,,,花生（烤，勤俭牌）,72,2.5,566,2366,26.4,46.3,21.2,,79.4
72021,,,,花生（烤，密日兴牌）,71,3.1,459,1921,16.6,22.3,55.9,,171.1
72022,,,,花生仁（油炸）,100,1.3,549,2296,22.2,47.1,26.2,,207.8
72023,,,,葵花籽（奶油香瓜子）,51,1.4,591,2472,22.7,54.1,17.9,,604.3
72024,,,,葵花籽（熟）,48,2.7,567,2372,28.5,49,15.1,12.1,634.7
72025,,,,南瓜子（熟）[白瓜子],69,3.2,597,2497,26.6,52.8,12.9,,145.1
72026,,,,西瓜子（熟）[黑瓜子],38,10.7,532,2228,29,46,9.5,,599.4
81121,6,,,猪肉（前臀尖，杜长大猪）,100,58.6,289,1209,15.3,25.3,0,,0
81122,6,,,猪肉（前臀尖，良杂猪）,100,53.7,334,1397,14.2,30.4,0.9,,53.9
81123,6,,,猪肉（后臀尖，杜长大猪）,100,71.2,165,691,20.8,9.1,0,,0
81124,6,,,猪肉（后臀尖，良杂猪）,100,68.8,175,730,20,10.5,0,,47.9
81125,6,,,猪肉（硬肋，杜长大猪）,100,36.5,557,2331,10.8,57.1,0,,0
81126,6,,,猪肉（硬肋，良杂猪）,100,38.4,536,2243,11.6,54.4,0,,0
81127,6,,,猪肉（通脊，杜长大猪）,100,70.7,159,667,22.3,7.8,0,,0
81128,6,,,猪肉（通脊，良杂猪）,100,73.2,140,587,20.7,6.4,0,,46.5
81129,6,,,猪肉（里脊）,100,74.7,150,626,19.6,7.9,0,,43.2
81130,6,,,猪皮,100,46.9,363,1517,27.4,28.1,0,,72.4
81131,6,,,猪小排（杜长大猪）,70,60,295,1234,16.8,25.3,0,,0
81132,6,,,猪小排（良杂猪）,61,55.4,351,1467,14.1,32.7,0,,62.6
81213,6,,,猪肚,100,79.3,97,405,14.1,3.5,2.2,,75.1
81214,6,,,猪肝,100,72.6,126,528,19.2,4.7,1.8,,68.6
81215,6,,,猪舌[口条],100,70.2,184,770,18.1,12.4,0,,79.4
81216,6,,,猪肾[猪腰子],100,80.6,82,342,15.8,1.8,0.6,,134.2
81318,6,,,火腿心全精肉,100,35.2,322,1346,37,19.3,0,,8612
81319,6,,,火腿心肉,81,25.6,528,2209,22.2,48.8,0,,2268.2
81320,6,,,腊肉,100,8.2,692,2895,18.2,68,1.8,,763.9
81321,6,,,叉烧肉,100,60.4,196,819,20.9,9.8,6,,726.4
81322,6,,,酱排骨,80,39,366,1529,21.7,26.7,9.6,,825.5
81323,6,,,香糟块肉,100,34.8,542,2266,15.5,53.3,0,,747.8
81324,6,,,熏烤小里脊,100,63.2,153,641,17.7,3.9,11.8,,814.2
81325,6,,,猪肉脯,100,11.2,378,1580,28,8.8,46.6,,1638.2
81326,6,,,肉酥,100,2.4,509,2128,30.7,27.1,35.5,,1540.7
81327,6,,,猪肉松,100,14,373,1562,41.8,10.2,28.6,,1929.2
81328,6,,,扒猪脸,100,48.6,347,1453,18.8,29.6,1.4,,392.7
81329,6,,,酱肘子,100,58.9,202,846,29.6,8.5,1.8,,197
81423,6,,,脆皮肠,100,50.9,302,1262,16.6,24,4.8,,992.7
81424,6,,,热狗肠,100,51.3,307,1284,13.2,25.2,6.9,,861.9
81425,6,,,火腿肠,100,51.5,215,900,12.1,14.6,8.8,,1119.5
81426,6,,,火腿,100,76.6,99,416,15.5,3.4,1.7,,1471.3
81427,6,,,火腿（云南）,100,22.1,565,2365,11.4,56.1,3.7,,5557.5
81428,6,,,三明治火腿,100,73.2,115,481,12.5,4.5,6.1,,898.6
81429,6,,,午餐肉,100,55.2,320,1339,9,30.1,3.3,,528.7
82111,6,,,牛肉（背部肉）[上脑],100,66.4,193,808,17.4,12.4,3,,0
82112,6,,,牛肉（里脊肉）[牛柳],100,72,134,561,22.3,5,0,,75.1
82113,6,,,牛肉（臀部肉）[紫盖、白板],100,72.8,117,491,22.6,2.6,0.9,,40.2
82114,6,,,牛肉（肩部肉）[肩肉],100,53.3,342,1430,14.1,31.7,0,,0
82115,6,,,牛肉（胸部肉）[牛胸],100,58.8,326,1362,16.6,28.8,0,,0
82116,6,,,牛肉（腹部肉）[牛腩],100,57.6,332,1390,17.1,29.3,0,,0
82117,6,,,牛肉（膝圆肉）[和尚头],100,74.6,106,444,22.4,1.8,0.1,,43.5
82118,6,,,牛肉（股内肉）[针扒、米龙、黄瓜条],100,72.5,119,497,22.8,2.9,0.4,,37.8
82119,6,,,牛肉（小腿肉）[牛展、牛腱子],100,73.4,122,509,23,3.3,0,,83.1
82210,6,,,牛百叶（黑）,100,85.6,70,292,13.2,1.9,0,,60.6
82307,6,,,牛肉（酱，五香）,100,55.5,229,959,33.2,10.7,0,,926
82308,6,,,牛肉（清香）,100,63.6,200,835,25.8,10.7,0,,935
82309,6,,,牛腱子（香叶）,100,53.9,205,856,35.6,5.5,3.2,,880.4
82310,6,,,牛肉干（长富牌）,100,14.6,342,1431,41.8,5.1,32.2,,1529
82311,6,,,牛肉干（沙爹牌）,100,16.8,327,1368,40.1,3.6,33.6,,1402.5
83113,6,,,羊肉（上脑）,100,78,94,393,19,2,0,,106.6
83114,6,,,羊肉（腰窝）,100,73.5,135,565,18.9,6.6,0,,109.2
83115,6,,,羊肉（前腿）,100,77.1,97,407,19.8,2,0,,92.8
83116,6,,,羊肉（后腿）,100,75.1,111,465,20.6,3.2,0,,93.8
83117,6,,,羊肉片,100,74.9,118,492,18,4,2.4,,92
83309,6,,,烧羊肉（五香）,100,59.4,183,766,33.6,5.4,0,,759.1
83310,6,,,羊肉串（生）,100,74.5,118,492,13,4.8,5.6,,616.2
84304,6,,,驴肉（五香）,100,64.9,167,698,28.2,6,0,,877.2
89006,6,,,鹿肉（梅花鹿）,100,78,92,384,19.7,1.3,0.3,,32.7
91112,6,,,鸡胸脯肉,100,71.7,118,493,24.6,1.9,0.6,,44.8
91113,6,,,鸡腿菇（干）[毛头鬼伞],74,71.7,146,609,20.2,7.2,0,,73.6
91114,6,,,鸡翅,69,63.3,202,843,19,11.5,5.5,,50.8
91115,6,,,鸡块（带浆块）,100,58.2,206,861,12.2,9.1,18.8,,329.8
91116,6,,,野山鸡,63,70.3,126,527,20.4,2,6.6,,37.8
91308,6,,,扒鸡（五香脱骨）,77,59.7,206,862,23.4,10.8,3.8,,633.2
91309,6,,,烤鸡,72,55.4,265,1107,28.1,16.9,0,,560
91310,6,,,童子鸡（熟）,57,66.8,226,946,15.8,18.1,0,,910.1
92214,6,,,鸭豉片,100,11.3,603,2521,18.3,56.1,6.1,,0
92307,6,,,烤鸭（老唐牌）,60,57,309,1292,20.3,25.3,0,,776.4
92308,6,,,烤鸭（全聚德牌）,65,33.4,530,2216,18.1,50.8,0,,29.9
93302,6,,,腊鹅,54,15.8,410,1717,24.6,21.5,29.6,,2880
94301,6,,,火鸡腿,85,72.5,100,416,16.7,0.7,6.6,,1071
99003,6,,,乳鸽,56,57.5,352,1473,11.3,34.1,0,,653.8
99004,6,,,乳鸽（红烧）,82,59,255,1066,16.9,20.8,0,,1809.8
101105,4,,,牛乳（光明牌）,100,88,61,256,3.1,3.2,5,,24.8
101106,4,,,牛乳（乐百氏牌）,100,87.4,67,279,3.3,3.8,4.8,,38.4
101107,4,,,牛乳（帕玛拉特牌）,100,87.9,61,256,3,3.1,5.3,,68.2
101108,4,,,牛乳（三元牌）,100,86.9,69,289,3.4,3.9,5.1,,35.1
101109,4,,,牛乳（完达山牌）,100,88.3,60,251,2.9,3.2,4.9,,292.1
101110,4,,,牛乳（龙丹牌）,100,87.5,66,277,2.9,3.8,5.1,,41.5
101111,4,,,牛乳（蒙牛牌）,100,87.2,67,280,3.1,3.7,5.3,,48.9
101112,4,,,牛乳（新南洋牌）,100,87.4,67,279,3.1,3.8,5.1,,46.1
101113,4,,,牛乳（帕玛拉特）,100,88.1,61,254,2.9,3.2,5.1,,62.1
101114,4,,,牛乳（伊利牌）,100,86.9,68,283,3.2,3.7,5.4,,49.5
101115,4,,,牛乳（部分脱脂，帕玛拉特）,100,90.1,43,181,2.9,1.3,5,,279.5
101116,4,,,牛乳（脱脂，帕玛拉特）,100,91.4,33,136,2.9,0.2,4.8,,117.2
101117,4,,,牛乳（强化锌、钙，帕玛拉特）,100,88.2,60,251,3,3.1,5,,62.1
101118,4,,,牛乳（草莓味，卡夫牌）,100,83.4,79,331,2.7,3,10.3,,28.3
101119,4,,,牛乳（巧克力味，卡夫牌）,100,83.3,80,335,2.8,3.2,10,,31.4
101120,4,,,牛乳（巧克力味，三元牌）,100,84.4,74,310,2.3,2.8,9.9,,36.3
101121,4,,,学生奶,100,86.1,66,277,2.6,2.6,8.1,,47.3
102105,4,,,全脂奶粉（雀巢）,100,,504,2109,24,28,39,,0
102106,4,,,全脂奶粉（三鹿牌）,100,2.2,516,2158,25.4,29.6,37.1,,491.2
102107,4,,,全脂奶粉（伊利牌）,100,3,504,2109,22,26,45.5,,220.6
102108,4,,,全脂甜奶粉（三鹿牌）,100,2.5,477,1995,21.2,21.1,50.5,,282.8
102109,4,,,全脂甜奶粉（伊利牌）,100,3.2,476,1992,19,21,52.8,,184.1
102110,4,,,低脂奶粉（高铁高钙，雀巢）,100,,413,1729,27,11.7,50,,0
102111,4,,,低脂奶粉（高铁高钙，伊利牌）,100,3.1,423,1768,27,11,53.9,,406.9
102112,4,,,高钙高铁奶粉（可淇牌）,100,4,437,1828,17,13,63,,350
102113,4,,,"儿童奶粉（安儿健A+,美赞臣）",100,,427,1785,17.9,11.1,64,,210
102114,4,,,儿童奶粉（适体健，美赞臣）,100,,407,1703,16,9,68,2.5,250
102115,4,,,儿童奶粉（惠氏）,100,,451,1876,17,15,62,,248
102116,4,,,儿童奶粉（可淇牌）,100,4,457,1912,17,17,59,,0
102117,4,,,儿童奶粉（三鹿牌）,100,2.9,462,1933,18.3,17.5,57.8,,115.7
102118,4,,,儿童奶粉（完达山牌）,100,,458,1916,17,18,57,,300
102119,4,,,孕妇母乳奶粉（惠氏）,100,,405,1723,16,6.8,70,,346
102120,4,,,孕妇母乳奶粉（美赞臣）,100,,380,1588,23.3,3.9,62.4,,360
102121,4,,,中老年奶粉（可淇牌）,100,4,432,1807,18,12,63,,0
102122,4,,,中老年奶粉（雀巢牌）,100,,429,1790,30,14.4,44.8,,410
102123,4,,,中老年奶粉（三鹿牌）,100,2.9,403,1688,25.2,5.8,62.6,,175.4
102124,4,,,中老年奶粉（森永牌）,100,3,418,1750,22,10,60,,0
103007,4,,,酸奶（调味）,100,81.2,88,370,3,3.2,11.9,,69.6
103008,4,,,酸奶（果粒）,100,78.5,97,407,3.3,2.9,14.6,0.1,53.8
104012,4,,,奶酪（光明牌）,100,43,348,1454,16.5,28.4,6.5,,1598
104013,4,,,奶酪（骑士牌）,100,31.7,386,1614,23,25.4,16.3,,531.8
104014,4,,,低脂奶酪,100,48,241,1009,21.6,11.6,12.6,,1684.8
104015,4,,,硬质干酪,100,37.3,411,1702,24.9,34.5,0.1,,687
105008,4,,,奶油,100,11,785,3285,1.1,86,1.7,,1.7
109004,4,,,全脂甜炼乳（雀巢）,100,15.9,380,1588,7.5,10,64.9,,88.6
109005,4,,,全脂甜炼乳（燕山牌）,100,17.1,374,1565,8.2,10,62.8,,103.9
109006,4,,,脱脂甜炼乳,100,29,270,1130,10.3,0.2,58,,180
111109,8,,,鸡蛋（红皮）,87,77.1,143,600,12.2,10.5,0,,125.7
111110,8,,,藏鸡蛋,86,72.7,162,677,12.6,11.3,24,,119.2
111111,8,,,乌鸡蛋（绿皮）,88,69.7,170,712,12.6,10.6,6.1,,106.7
111204,8,,,鸡蛋（煮）,86,76.3,151,632,12.1,10.5,0.1,,130
111205,8,,,毛蛋,87,72.3,176,735,14.2,13.2,0,,75.8
111206,8,,,荷包蛋（油煎）,100,68.6,199,833,13.5,15,1.4,,353
111207,8,,,荷包蛋（煮）,100,74.9,164,686,12.3,11.7,0.2,,110
112104,8,,,海鸭蛋,87,55.6,243,1015,12.7,13.8,16.9,,105.1
112203,8,,,咸鸭蛋（煮）,84,70,177,739,13.8,13.5,0,,1131
113104,8,,,鹅蛋（煮）,85,71.9,182,761,12.7,13.6,1,,45
121131,7,,,草鱼[白鲩、草包鱼],58,78.2,96,403,17.7,2.6,0.5,,36
121132,7,,,鲢鱼[白鲢、胖子、鲢子鱼],61,82.8,84,352,16.3,21,0,,57.5
121133,7,,,鲫鱼[洗头鱼、海附鱼],54,78.6,89,373,18,1.6,0.7,,41.2
121241,7,,,带鱼（切段）,70,78.8,108,453,17.6,4.2,0,,246.4
121242,7,,,黄鱼（小黄花鱼）,62,79.4,114,477,17,5.1,0,,194.3
121243,7,,,金鳇鱼,66,77.4,99,415,18.7,2.7,0,,104.1
121244,7,,,鲭鱼,49,45.2,417,1745,14.4,39.4,0.2,,56
121245,7,,, 双鬓鲨,38,73.6,117,490,27.4,0.1,0,,83
121303,7,,,金鲨鱼翅（干）,100,12,350,1463,84.1,0.5,2.3,,79.6
121304,7,,,鱼排,100,61.2,160,669,10.1,2.4,24.5,,383.3
121305,7,,,鱼丸,100,72.5,107,447,11.1,1.3,12.7,,854.2
121306,7,,,鱼子酱,100,55.9,201,841,9.6,7.1,24.7,,394.6
121401,7,,,草鱼（熏）,100,45.6,283,1184,24,16.5,9.6,,1291.8
121402,7,,,丁香鱼（香辣味）,100,30.3,403,1686,19,28.2,18.3,,1417.2
121403,7,,,凤尾鱼（熟）,100,19.5,520,2175,23.5,43,9.7,,525.4
121404,7,,,箭鱼（炸）,100,47.8,271,1133,20.8,16.1,10.7,,403.6
121405,7,,,金枪鱼（盐水浸）,81,74.6,99,422,23.5,0.6,0,,320
121406,7,,,金枪鱼（油浸）,79,63.3,189,794,27.1,9,0,,290
121407,7,,,鲮鱼（豆豉，熟）,100,18.8,472,1973,25.5,33.1,17.9,,1291.7
121408,7,,,鳗鱼（红烧）,100,55.4,211,884,21.3,9.8,9.5,,1252
121409,7,,,鲭鱼（烤，150℃，10分）,100,45.8,412,1724,16.5,37.8,0,,58
121410,7,,,鲭鱼（烤，150℃，20分）,100,45.7,396,1657,19.1,34.8,0,,82
121411,7,,,鲭鱼（烤，150℃，30分）,100,32,536,2243,19.9,50,0,,78.7
121412,7,,,鲭鱼（烤，180℃，10分）,100,47.3,373,1561,20.2,31.8,0,,82
121413,7,,,鲭鱼（烤，210℃，10分）,100,39,472,1975,19,43.4,0,,74
121414,7,,,鲭鱼（炸）,100,28.3,555,2322,17.2,53.4,0.1,,75
121415,7,,,鲭鱼（蒸）,100,47,392,1639,14.6,36.5,0.7,,52.4
121416,7,,,鲭鱼（煮）,100,49.3,375,1569,14.9,34.5,0.4,,51
121417,7,,,沙丁鱼（茄汁，熟）,100,70.4,155,650,13.8,9.8,3,,820.2
121418,7,,,沙丁鱼（盐水浸）,79,66.2,172,721,21.5,9.6,0,,530
121419,7,,,沙丁鱼（油浸）,82,58.6,220,918,23.3,14.1,0,,450
121420,7,,,午餐鱼（香辣味）,100,37.5,383,1601,24.4,30.2,3.3,,1321.2
121421,7,,,鳕鱼（烤）,85,76.6,96,408,21.4,1.2,0,,340
121422,7,,,鳕鱼（炸）,98,55.9,235,983,12.4,14.3,15.6,0.4,480
122203,7,,,虾酱,100,72.3,112,467,10.8,7.6,0,,4584.6
122204,7,,,虾仁（红）,100,87.8,48,202,10.4,0.7,0,,272.1
122301,7,,,虾仁肉丸,100,70,151,632,4.6,7.4,16.7,1.3,429
123006,7,,,海蟹（小）,42,79.2,81,339,14.2,1.1,3.6,,321.5
123301,7,,,蟹足棒,100,67.4,123,514,9,0.6,20.5,,1242
124117,7,,,海蚌[西施舌],47,87.7,42,174,9.5,0.3,0.2,,793
124601,7,,,文蛤丸,100,56.6,209,874,16.2,9.2,15.8,,565
129014,7,,,甲鱼蛋,100,75.2,128,534,12.5,7.3,3,,103.9
129301,7,,,墨鱼圈,100,84.8,72,300,13,2.2,0,,93.7
129302,7,,,墨鱼丸,100,71,128,535,13.4,4.7,8,,825.2
131101,,,,婴儿配方奶粉（爱儿乐，惠氏）,100,,524,2220,12,28,56,,
131102,,,,婴儿配方奶粉（爱儿乐，惠氏，金装）,100,,520,2203,11,28,56,,
131103,,,,婴儿配方奶粉（爱力大1，美赞臣）,100,,448,2043,12.5,22,59,,
131104,,,,婴儿配方奶粉（安婴儿，美赞臣）,100,,528,2210,11,29,56,,
131105,,,,婴儿配方奶粉（安婴儿A+，美赞臣）,100,,528,2210,11,29,56,,
131106,,,,婴儿配方奶粉（安婴乐，美赞臣）,100,,520,2176,11,28,55.6,,
131107,,,,婴儿配方奶粉（吉利蜜1，森永牌）,100,2.7,515,2156,12.6,27,55.5,,
131108,,,,婴儿配方奶粉（可淇牌）,100,4,497,2079,12,25,56,,
131109,,,,婴儿配方奶粉（力多精1，雀巢）,100,3,507,2121,12.5,25.8,56.2,,
131110,,,,婴儿配方奶粉（美素力1）,100,3,510,2130,11.1,27,55,1.9,
131111,,,,婴儿配方奶粉（美素力H）,100,2.8,515,2150,10.8,27,57,,
131112,,,,婴儿配方奶粉（美素力，袋装）,100,2.8,515,2150,10.8,27,57,,
131113,,,,婴儿配方奶粉（圣元牌）,100,,522,2184,12.5,28,55,,
131114,,,,婴儿配方奶粉（完达山牌）,100,4.5,508,2123,13.3,27.5,51.7,,
131115,,,,婴儿奶粉（高钙，圣元牌）,100,,513,2145,12.8,27,54.6,,
131116,,,,婴儿配方豆奶（爱儿素，惠氏）,100,,513,2174,14,27,53.5,,
131201,,,,较大婴儿配方奶粉（爱力大2，美赞臣）,100,,458,1917,16.1,16.8,60,,
131202,,,,较大婴儿配方奶粉（安婴宝，美赞臣）,100,,447,1869,15.2,16.2,60,,
131203,,,,较大婴儿配方奶粉（安婴宝A+，美赞臣）,100,,453,1894,15.9,16.3,61,,
131204,,,,较大婴儿配方奶粉（健儿乐，惠氏）,100,,476,2018,18,20,56,,
131205,,,,较大婴儿配方奶粉（健儿乐，惠氏，金装）,100,,476,2018,18,20,56,,
131206,,,,较大婴儿配方奶粉（可淇牌）,100,4,449,1879,15,21,50,,
131207,,,,较大婴儿配方奶粉（美素乐2）,100,3,475,1990,15,21,56,2.6,
131208,,,,较大婴儿配方奶粉（美素乐，全能装）,100,3,480,2020,15,21.5,57.3,,
131209,,,,较大婴儿配方奶粉（美素乐，袋装）,100,3,480,2008,15,21.5,57.3,,
131210,,,,较大婴幼儿配方奶粉（吉利蜜2，森永牌）,100,3,472,1975,18,20,55,,
131211,,,,较大婴幼儿配方奶粉（力多精2，雀巢）,100,3,464,1941,20.4,19,52.8,,
131212,,,,较大婴儿配方奶粉（圣元牌）,100,,483,2021,15,23,54,,
131213,,,,较大婴儿配方奶粉（高钙，圣元牌）,100,,483,2019,15,22.5,55,,
131214,,,,较大婴儿配方奶粉（完达山牌）,100,,454,1899,18,18,55,,
131301,,,,幼儿奶粉（爱力大3，美赞臣）,100,,454,1900,16.6,16.3,60,,
131302,,,,幼儿奶粉（安儿宝，美赞臣）,100,,447,1870,17.8,15,61,,
131303,,,,幼儿奶粉（安儿宝A+，美赞臣）,100,,450,1881,17.8,15,61,,
131304,,,,幼儿奶粉（惠氏）,100,,454,1925,15.8,15.8,62.1,,
131305,,,,幼儿奶粉（惠氏，金装）,100,,456,1925,15.8,16,62.1,,
131306,,,,幼儿奶粉（可淇牌）,100,4,462,1933,16.5,18,58.5,,
131307,,,,幼儿奶粉（美素高）,100,2.8,440,1900,22.1,18.4,49.1,2.7,
131308,,,,幼儿奶粉（美素高，全能装）,100,3,448,1900,22.1,18.4,48.6,,
131309,,,,幼儿奶粉（美素高，袋装）,100,3,450,1900,22.1,18.4,48.6,,
131310,,,,幼儿奶粉（雀巢）,100,3,464,1941,21.6,19,51.6,,
131311,,,,幼儿奶粉（雀巢金牌）,100,3,463,1940,18.5,18,56.8,,
131312,,,,幼儿奶粉（森永牌）,100,3,458,1914,20,17.5,55,,
131313,,,,幼儿奶粉（圣元牌）,100,,453,1893,17.5,18.5,54,,
132001,,,,胡萝卜苹果泥（亨氏）,100,89,39,162,0.5,0.1,10.1,1.1,
132002,,,,鸡肝蔬菜泥（亨氏）,100,82.5,76,319,4,2.2,10.7,0.6,
132003,,,,香甜胡萝卜泥（亨氏）,100,90.7,27,114,1,0.2,7.6,2.2,
133009,,,,米粉（雀巢）,100,,376,1574,6.1,2.5,83.9,,
133010,,,,米粉（高蛋白，雀巢）,100,2.5,409,1711,15,9,67,,
133011,,,,米粉（高蛋白，亨氏）,100,3.1,375,1570,15.7,2,75.9,2.3,
133012,,,,米粉（苹果，雀巢）,100,2.5,374,1566,5.4,2.8,81.9,,
133013,,,,米粉（蔬菜，亨氏）,100,3,394,1649,10,3,81.8,,
133014,,,,米粉（蔬菜，雀巢）,100,2.5,373,1561,6.7,3.2,79.4,,
133015,,,,米粉（胡萝卜，亨氏）,100,3.5,386,1616,5,1.5,88.2,,
133016,,,,米粉（胡萝卜，雀巢）,100,2.5,374,1564,6.4,4.1,77.8,,
133017,,,,米粉（番茄，亨氏）,100,3,391,1635,6.2,2,87,,
133018,,,,米粉（猪肝蔬菜，亨氏）,100,3.5,391,1636,10,3,81,,
133019,,,,米粉（鱼肉蔬菜，亨氏）,100,3.5,383,1603,14.5,1.5,77.9,,
133020,,,,麦粉（蜂蜜，雀巢）,100,3,376,1574,8.4,3.4,80.2,,
141038,,,,春卷（素馅）,100,55.2,182,762,4.9,4.6,33.8,3.5,535.8
141039,,,,黑芝麻汤圆,100,37.2,311,1300,4.4,13.8,44.2,2,23.2
141040,,,,醪糟,100,74.7,100,418,2.6,0.2,22.4,0.5,19
141041,,,,煎饼,100,16,317,1327,9.5,3.5,70,8.1,18.1
141042,,,,过桥米线,100,79.4,92,385,4,3.8,11.8,,310.4
142108,,,,蛋糕（巧克力）,100,24.1,437,1828,4.7,30.4,40.2,,129
142109,,,,蛋糕（水果）,100,25.3,347,1452,2.9,9.1,61.6,,270
142209,,,,月饼（蛋黄）,100,23,399,1669,6,20,50.2,1.5,108.8
142210,,,,月饼（豆沙）,100,22.3,325,1362,5.4,6.9,64.8,4.4,79.4
142211,,,,月饼（桂花板栗）,100,20.8,331,1386,5.7,6.6,66.3,4,104
142212,,,,月饼（奶油莲芸）,100,20.5,361,1510,5.5,13,60.4,,27.6
142332,,,,沙琪玛蛋酥,100,8,506,2116,5.9,30.4,55.1,3,114.2
142333,,,,香橙水果馅饼,100,10.7,445,1864,4.8,19,64.2,,300
151001,,,,鸡柳汉堡（肯德基）,100,46.5,269,1126,13.9,13.6,23.8,,350.2
151002,,,,香芋甜心（肯德基）,100,36.7,280,1169,2.8,7.5,51.8,,194.5
151003,,,,鸡肉汉堡（肯德基）,100,43.3,292,1220,7.9,16.3,31,,489.7
151004,,,,鸡肉卷（肯德基）,100,49.2,253,1057,10.1,13.1,25.2,,816.1
151005,,,,上校鸡块（肯德基）,100,46.5,261,1092,16.9,12.5,21.1,,370.6
151006,,,,辣鸡翅（肯德基）,67,41.3,337,1411,19.4,23.6,12.8,,499.3
151007,,,,新奥尔良鸡翅（肯德基）,70,54.1,240,1003,22.1,13.8,6.8,,1263.3
151008,,,,劲爆鸡米花（肯德基）,100,44,302,1262,18.4,18.9,16.2,,895.3
151009,,,,甜玉米粒（肯德基）,100,67.2,119,496,3.2,0.2,28.6,,11.5
151010,,,,薯条（肯德基）,100,37.7,298,1248,4.3,15.5,40.5,,58.2
151011,,,,比萨饼（夹奶酪）,100,47.8,225,941,12.2,5.1,32.5,,533
151012,,,,比萨饼（夹奶酪、肉和蔬菜）,100,47.7,235,982,16.5,6.8,27,,484
151013,,,,三明治（夹火腿、干酪）,100,50.8,244,1021,14.2,10.6,22.9,,528
151014,,,,三明治（夹鸡蛋、干酪）,100,56.3,234,979,10.7,13.3,17.8,,551
151015,,,,三明治（夹鸡肉片、无调料酱）,100,47.3,284,1187,13.3,16.2,21.3,,526
151016,,,,三明治（夹烤牛肉片）,100,48.6,247,1034,15.5,9.9,24.1,,570
151017,,,,三明治（夹鱼肉片）,100,47.4,276,1155,10.7,14.4,26,,389
151018,,,,干酪汉堡包（夹熏肉，加调料酱）,100,43.6,311,1303,16.4,18.9,19,,535
151019,,,,干酪汉堡包（普通型，夹单层肉饼，无调料酱）,100,37.3,316,1323,14.5,14.9,31.1,,490
151020,,,,干酪汉堡包（普通型，夹奶酪、单层肉饼，加调料酱）,100,47.7,263,1101,14.1,12.5,23.5,,545
151021,,,,干酪汉堡包（普通型，夹奶酪、单层肉饼，加调料酱和蔬菜）,100,55.2,235,983,11.6,12.9,18.3,,634
151022,,,,干酪汉堡包（普通型，夹奶酪、双层肉饼、双层面包，加调料酱和蔬菜）,100,46.6,285,1191,13,15.5,23.3,,404
151023,,,,汉堡包（普通型，夹肉饼，加调料酱和蔬菜）,100,49.4,256,1073,11.7,12.3,24.8,,458
151024,,,,热狗（原味）,100,54,250,1044,10.6,14.8,18.4,,684
152105,,,,早餐奶,100,86.3,68,284,2.3,3.1,7.7,0,64.6
152106,,,,八宝粥（康师傅）,100,84.5,81,340,1.5,4.4,9.4,0.5,13.9
152107,,,,八宝粥（亲亲牌）,100,84.9,76,320,2.1,4,8.8,0.8,9.8
152108,,,,八宝粥（同茂牌）,100,88.2,46,193,1.3,0.2,10.2,0.4,8.6
152109,,,,八宝粥（娃哈哈牌）,100,84.3,64,266,1.7,0.9,12.8,0.6,12.2
152110,,,,八宝粥（无糖，娃哈哈牌）,100,88.1,45,189,1.6,0.8,9.4,1.4,4.7
152111,,,,八宝粥（椰树牌）,100,81.6,69,290,1.7,1,15.5,2.1,12
152112,,,,黑芝麻糊,100,2.3,408,1706,6.9,7.5,82.3,4.2,38.1
152113,,,,麦片,100,4,393,1642,6.5,9.7,76.3,6.5,318.4
152114,,,,麦片（原味香奶）,100,1.8,406,1698,4.7,9,82.8,6.3,138.6
152115,,,,燕麦片,100,9,353,1478,14.4,9.7,65.3,13.2,12.1
152116,,,,燕麦片（果仁，甜）,100,5.4,402,1682,8.9,11.1,73.5,6.9,26.5
152117,,,,苦荞麦片（无糖）,100,4.3,411,1721,7.2,8,77.9,,120
152118,,,,玉米片,100,3,365,1528,7,0.8,86,3.5,725
152119,,,,玉米片（低钠）,100,3,384,1608,7.7,0.3,88.8,1.1,10
152202,,,,鸡汁味干脆面（面饼+调味料）,100,2.3,505,2115,11.4,27,55.2,,976.8
152203,,,,海鲜味方便面（面饼+调味料+油料）,100,6.2,451,1889,10.4,19.2,60.1,,382.8
152204,,,,海鲜味方便面（面饼+调味料）,100,6.7,,,10.4,,78.7,,396.7
152205,,,,油料（海鲜味方便面）,100,0.3,,,10.2,,89.5,,0
152206,,,,红烧牛肉方便面（面饼+调味料+蔬菜+肉酱）,100,4.5,447,1869,10.2,17.9,62.6,1.4,465.5
152207,,,,红烧牛肉方便面（面饼+调味料+蔬菜）,100,3.8,,,10.4,,81.4,,491.3
152208,,,,肉酱（红烧牛肉方便面）,100,5.1,,,6.8,,76,,0
152209,,,,鳕鱼方便面（面饼+调味料+珍料+调味油+蔬菜）,100,5,470,1968,10.2,24.2,53.7,,828.8
152210,,,,鳕鱼方便面（面饼+调味料+蔬菜）,100,2.4,,,10.2,,80.5,,828.8
152211,,,,油酱料（珍料+调味油料，鳕鱼方便面）,100,77.6,,,10.2,,10.4,,0
152212,,,,铁板牛肉炒面（面饼+汤料+蔬菜+调味酱）,100,6,438,1833,11.7,18.8,59.3,3.8,561.8
152213,,,,铁板牛肉炒面（面饼+汤料+蔬菜）,100,3.9,,,12,,81.3,4.4,596.4
152214,,,,调味酱（铁板牛肉炒面）,100,8,,,10.1,,68.8,,0
152215,,,,玉米红烧牛肉味方便面（面饼+调味料+蔬菜+肉酱）,100,18.6,330,1380,5.8,4.1,68.5,,673.7
152216,,,,玉米红烧牛肉味方便面（面饼+调味料+蔬菜）,100,22.6,,,6,,68.3,,0
152217,,,,肉酱（玉米红烧牛肉味方便面）,100,16.2,,,3.6,,78.2,,0
152218,,,,海鲜鸡汁味米线（米线+调味料+蔬菜+肉酱）,100,58.1,167,699,4.5,1,35.5,,13.3
152219,,,,海鲜鸡汁味米线（米线+调味料+蔬菜）,100,58.8,,,3.9,,37.2,,0
152220,,,,肉酱（海鲜鸡汁味米线）,100,7.9,,,7.2,,69,,0
152221,,,,冬菜虾仁混沌,100,58.9,180,753,9.1,4.3,26.5,2.3,316
152222,,,,韭菜合子,100,59.1,211,883,7.5,11.3,20.3,1.4,287
152223,,,,糯米饭团,100,37,333,1393,5.9,17.6,38.3,1.1,393
152224,,,,什锦炒饭,100,58.7,188,787,5,5.6,29.7,2,220
152225,,,,虾仁炒饭,100,64.8,138,577,4.7,1.7,26.3,2.7,222
152314,,,,面包条（白）,100,33.8,283,1184,8.3,5.2,51.1,,66
152315,,,,面包屑,100,8.1,355,1485,14.2,3.7,72.4,,535
152316,,,,葡萄干面包,100,38,260,1088,6.6,3.7,50.1,,370
152415,,,,饼干（三明治）,100,2,515,2156,7.1,30.4,57.9,4.6,408.3
152416,,,,饼干（夹心）,100,1.4,449,1877,6.2,15.9,75.3,5.1,303.4
152417,,,,饼干（甜酥夹心）,100,2.3,557,2329,5.6,35.1,55.6,,324
152418,,,,饼干（苏打夹心）,100,1.6,463,1936,7.6,19.3,69.8,5.2,394.4
152419,,,,饼干（咸）,100,1.4,496,2075,8.4,25.6,62.7,4.7,697.2
152420,,,,曲奇饼（加奶油）,100,1.5,526,2201,6.4,27.2,64,,140
152421,,,,早茶饼,100,3.4,440,1840,8.1,14.5,72.2,3,436
152501,,,,饺子（素馅）,100,53.4,198,827,6.8,5.6,32.7,2.7,449.2
152502,,,,饺子（三鲜馅）,100,50.7,240,1002,8.8,12.3,26.6,3.2,611.6
152503,,,,饺子（猪肉白菜馅）,100,54.2,218,914,7.5,10.8,26,3.2,383.2
152504,,,,饺子（猪肉韭菜馅）,100,51.2,250,1046,7,14.4,26,2.9,397.6
152505,,,,饺子（猪肉芹菜馅）,100,52.6,253,1059,7,16.8,22.1,3.6,415
152506,,,,饺子（猪肉茴香馅）,100,51.1,223,932,7.3,9.1,31.1,3.2,335.6
152507,,,,饺子（猪肉香菇馅）,100,59.7,231,967,12.3,15.3,11.5,1.1,673
152508,,,,饺子（猪肉虾仁馅）,100,50.4,267,1117,10,15.4,22.7,1.1,415
152509,,,,饺子（鸡肉蘑菇馅）,100,61,186,778,7.4,7.4,22.8,1.9,286
152510,,,,饺子（海鳗猪肉馅）,100,55.9,249,1042,14.3,17.7,8.5,,678
152511,,,,饺子（海鳗虾仁馅）,100,54.7,266,1113,12.3,20,9.7,,644
152512,,,,包子（三鲜馅）,100,53.6,223,935,7.4,8.6,29.1,,0
152513,,,,包子（猪肉馅）,100,52.8,227,949,7.3,10,28.6,1.7,405.8
153101,,,,米饼（鸡蛋牛奶味）,100,1.7,536,2244,4.2,29.9,63.2,,191.6
153102,,,,雪米饼,100,2.5,463,1936,5.5,17.6,73.5,2.9,241.3
153103,,,,蛋酥卷,100,2.1,523,2187,8.1,35.3,53.7,10.6,144.9
153104,,,,巧克力派,100,11.1,425,1780,4.3,17.7,65.7,3.5,273.8
153105,,,,法式卷饼,100,2,535,2239,7.6,34,54.7,5,309.8
153106,,,,立体脆,100,2.6,475,1987,6,24.7,63.8,6.6,596.7
153107,,,,粟米脆,100,1.4,553,2312,5.6,34.7,56.5,2,465.2
153108,,,,通心脆,100,2.5,500,2092,3.1,29.6,61.6,6.3,96.7
153109,,,,洋葱圈,100,3.8,476,1990,4.3,21.3,68.5,1.8,519
153201,,,,虾片,100,2.3,523,2188,5.3,30.9,59.5,,407
153202,,,,锅巴（豆香）,100,0.9,528,2210,7.6,30.6,59.2,3.6,239.3
153203,,,,锅巴（小米）,100,0.9,554,2318,6,36.9,54.6,5.1,486.6
153204,,,,海苔,100,5,177,740,29.4,4.8,50.4,46.4,1599.1
153205,,,,香菇片,100,9.5,316,1320,9.9,12.4,61.9,20.8,2349.8
153206,,,,薯片（烧烤味）,100,1.9,548,2295,7.5,37.6,49.2,4.2,508.6
153207,,,,薯片（香辣味）,100,2.1,555,2322,7.4,40,46.6,5.3,366.4
153208,,,,薯圈,100,2.2,576,2408,1.3,42.6,51.7,5,701.6
153301,,,,怪味胡豆,100,2.5,403,1686,12.6,12.1,69.6,8.7,1102.1
153302,,,,奶油五香豆,100,11.1,220,919,26.2,2,54,29.8,1577
153303,,,,夹心米果,100,1.8,593,2482,5,41.9,50.4,1.4,79
153304,,,,乐芙球,100,2,573,2398,7.6,45,43.9,9.5,276.3
153305,,,,玉米花,100,3.6,406,1698,10.8,13.4,70.4,9.9,1.3
153306,,,,果仁脆枣,100,4.3,484,2025,13,25.6,55.1,,299.7
153307,,,,空心脆枣,100,1.9,376,1573,6.5,1.2,88.6,,816.6
153308,,,,鱼肉粒,100,6.3,376,1574,27.1,3.3,59.5,,1211.5
153401,,,,果冻（草莓水果冻）,100,82.1,71,296,0.1,0.2,17.2,0,38
153402,,,,果冻（Xm冻）,100,74.2,100,419,0,0,25.6,0.5,32.5
153403,,,,果冻（Xm椰果冻）,100,72,109,457,0,0,27.8,0.5,37.2
153404,,,,果冻（AD钙椰果冻）,100,82.6,70,292,0.1,0.4,16.6,,49.6
161009,,,,可口可乐,100,89.1,43,181,0.1,0,10.8,0,4
162012,,,,菠萝汁饮料（百果洲牌）,100,88.1,47,196,0.2,0.1,11.4,0.1,10
162013,,,,菠萝汁饮料（大湖牌）,100,90.9,36,149,0.3,0.2,8.3,0.1,8.3
162014,,,,苹果汁饮料（光明牌）,100,86.7,54,225,0.1,0.3,12.8,0.1,4.2
162015,,,,苹果汁饮料（亨氏）,100,87.9,50,209,0.1,0.3,11.7,0,8.3
162016,,,,苹果果肉饮料,100,87.3,44,184,0.1,0.4,12.1,0.3,2.2
162017,,,,橙汁饮料（光明牌）,100,88.6,44,183,0.7,0.1,10.2,0.2,1.6
162018,,,,橙汁饮料（茹梦牌）,100,88.5,47,196,0.3,0.2,11.2,0.2,14.9
162019,,,,橙汁饮料（汇源牌）,100,88.2,46,191,0.5,0,11,,3
162020,,,,橙汁饮料（三得利牌）,100,88.2,47,197,0,0,11.8,,0.8
162021,,,,芒果汁饮料,100,87.9,44,184,0.1,0,12,0.2,21
162022,,,,沙棘果浆,100,18.6,325,1358,0.3,0.5,80.2,0.5,0
162023,,,,山楂果肉饮料,100,86.1,55,231,0.1,0.2,13.9,0.7,2.7
162024,,,,酸枣果汁饮料,100,93,27,115,0.1,0,6.7,0,1.3
162025,,,,西番莲汁饮料,100,87.6,50,208,0.2,0.1,12,0,9.7
162026,,,,西柚汁饮料,100,91.4,34,142,0.6,0.4,7.3,0.3,8.5
162027,,,,椰子汁饮料,100,90.2,51,213,0.7,2.4,6.6,,13.7
162028,,,,杏仁椰汁饮料,100,90.2,39,164,0.6,0.1,9,,0
163002,,,,胡萝卜汁饮料 ,100,93.4,24,101,0.1,0,6.3,0.4,47
164003,,,,AD钙奶,100,86,55,228,1.1,0.1,12.3,,0
164004,,,,健康快车奶饮料,100,90.9,38,157,1.1,0.6,6.9,,207
164005,,,,粒粒果奶饮料,100,92.8,30,126,1.1,0.6,5.1,,195.8
164006,,,,酸乳饮料,100,87.8,54,225,1.1,1.3,9.4,,50.5
164007,,,,酸乳饮料（发酵）,100,86.6,54,226,0.7,0.3,12.1,,49.1
165003,,,,核桃乳（儿童型）,100,91.6,44,183,0.8,2.1,5.5,,13.9
165004,,,,核桃乳（女性型）,100,90,53,222,0.9,2.7,6.2,,17.3
165005,,,,核桃乳（中老年型）,100,90.6,52,216,0.9,2.9,5.5,,16.2
165006,,,,核桃乳（佐餐调和型）,100,90.8,51,214,0.8,2.9,5.4,,15.4
165007,,,,杏仁露,100,90.3,49,205,0.7,2.1,6.8,,62.3
166111,,,,大麦茶,,2.9,305,1276,13,3.4,77.6,,6
166202,,,,大麦茶水,100,99.7,1,4,0,0,0.3,,1
167011,,,,高乐高营养饮品,100,1.2,394,1650,5.8,2.4,88.4,,93.2
167012,,,,珍,100,0.2,407,1704,0.1,2.2,96.8,,196.4
167013,,,,桂花酸梅晶,100,2.2,397,1662,0.4,1.6,95.4,0.1,86.1
167014,,,,柠檬茶,100,0.2,406,1700,0.2,1.7,97.6,0,1.9
167015,,,,巧克力麦芽营养品,100,3,390,1631,8,4,80.6,,221.4
167016,,,,咖啡豆,100,0.7,203,849,17.1,8.8,68.9,55.1,2.2
167017,,,,咖啡粉,100,3.1,218,911,12.2,0.5,41.1,0,37
167018,,,,咖啡伴侣,100,3,554,2318,2.7,34.9,57.3,,200
168009,,,,冰激凌（草莓味）,100,64.8,150,628,2.7,3.2,28.5,0.9,31
168010,,,,冰激凌（苦咖啡味）,100,60.6,205,857,2.9,10.1,25.6,0,56.3
168011,,,,冰激凌（加奶油）,100,62.4,211,884,3.5,12.8,20.5,0,41.1
168012,,,,冰激凌（草莓圣代）,100,66.1,145,608,2.9,2.6,27.7,,45.2
168013,,,,冰激凌（巧克力圣代）,100,61.7,173,725,3.6,4.8,29,,65.1
168014,,,,冰激凌（脆皮甜筒）,100,66.2,158,662,3.5,5.5,23.9,,68.8
168015,,,,冰激凌（花心筒）,100,45,278,1164,4.2,13.1,36.7,0.8,61.2
168016,,,,冰激凌（金百合）,100,60.7,202,847,3.3,10.5,24.5,0.8,66.3
168017,,,,雪糕（百乐宝）,100,70.1,147,617,2.8,6.2,20.1,0,50.1
168018,,,,雪糕（红豆缘）,100,50.7,212,888,2.7,4.8,41.2,1.7,44.6
168019,,,,棒冰（可乐冰）,100,82.9,73,306,0,1,16.1,0,0
168020,,,,棒冰（奇彩旋）,100,77.6,95,398,0,1.1,21.3,0,16.8
169002,,,,纯净水（康师傅牌）,100,100,0,0,0,0,0,0,0.4
169003,,,,纯净水（乐百氏牌）,100,100,0,0,0,0,0,0,1.1
169004,,,,纯净水（哇哈哈牌）,100,100,0,0,0,0,0,0,0.6
169005,,,,纯净水（椰树牌）,100,100,0,0,0,0,0,0,1.2
169006,,,,饮用水（农夫山泉牌）,100,100,0,0,0,0,0,0,4.1
169007,,,,饮用水（雀巢）,100,100,0,0,0,0,0,0,8.7
169008,,,,矿泉水（获特满牌）,100,100,0,0,0,0,0,0,9.9
169009,,,,矿泉水（康师傅牌）,100,100,0,0,0,0,0,0,1.2
169010,,,,矿泉水（蓝涧牌）,100,100,0,0,0,0,0,0,7.2
169011,,,,矿泉水（乐百氏牌）,100,100,0,0,0,0,0,0,6.6
169012,,,,矿泉水（雀巢）,100,100,0,0,0,0,0,0,10.5
169013,,,,矿泉水（椰树牌）,100,100,0,0,0,0,0,0,42
171115,,,,啤酒（4.3%，青岛牌）,100,92.9,38,159,0.4,0,3.1,,0.4
171116,,,,啤酒（4%，燕京牌）,100,95.6,27,112,0.3,0,0.8,,3.4
171117,,,,啤酒（5.1%，生力牌）,100,92.4,42,175,0.4,0,2.9,,2.3
171205,,,,葡萄酒（干白，11%，长城牌）,100,89.6,67,282,0.1,0,1.2,,1.7
171206,,,,葡萄酒（干白，12%，张裕牌）,100,88.3,75,314,0.3,0,1.5,,2.8
171207,,,,葡萄酒（半干白，11.5%，王朝牌）,100,88.6,73,304,0.3,0,1.6,,11.4
171208,,,,葡萄酒（干红，11.5%，长城牌）,100,88.7,72,300,0.2,0,1.5,,3.3
171209,,,,葡萄酒（干红，11.5%，王朝牌）,100,88.5,73,305,0.3,0,1.7,,2.1
171210,,,,葡萄酒（干红，12%，张裕牌）,100,88.2,75,314,0.3,0,1.5,,8.3
171211,,,,黑加仑酒（8%）,100,92.1,51,214,0,0.2,1.2,,2.6
171212,,,,雪利酒,100,78.8,116,482,0.1,0,5.9,,27
171309,,,,花雕酒（16.5%）,100,78.8,124,517,1,0,6.5,,20.8
172127,,,,董酒（浓香型，46%),100,61.2,272,1138,0,0,0,,0.6
172128,,,,二锅头（56%）,100,51.8,338,1413,0,0,0,,0.4
172129,,,,汾酒（清香型，53%）,100,54.7,317,1327,0,0,0,,1.7
172130,,,,古井贡酒（浓香型，38%）,100,68.2,222,929,0,0,0.2,,1.3
172131,,,,剑南春（52%）,100,55.4,312,1304,0,0,0.2,,0.5
172132,,,,剑南春（浓香型，38%）,100,68.2,222,929,0,0,0.2,,0.4
172133,,,,京酒（浓香型，38%）,100,68.4,221,926,0,0,0,,1.1
172134,,,,茅台酒（53%）,100,54.7,317,1327,0,0,0,,0.4
172135,,,,五粮液（52%）,100,55.6,311,1301,0,0,0,,0.4
172136,,,,竹叶青酒（45%）,100,51.7,307,1284,0,0,10.4,,5.4
172137,,,,金奖白兰地（38%）,100,67.3,226,944,0,0,1.1,,7.9
172138,,,,伏特加,100,66.6,234,978,0,0,0,,1
172139,,,,威士忌,100,63.9,252,1056,0,0,0.1,,0
173105,,,,苹果酒（干型）,100,92.5,36,152,0,0,2.6,,7
173106,,,,苹果酒（甜）,100,91.2,42,176,0,0,4.3,,7
173107,,,,果汁朗姆酒（9.9%）,100,65.1,201,841,0.4,1.9,28.3,0.1,6
173108,,,,鸡尾酒,100,86.9,105,439,0,0,0,0.1,16
173109,,,,马提尼酒（32%）,100,64,243,1017,0,0,2,0.1,3
173110,,,,曼哈顿酒（30.6%）,100,66.1,225,941,0.1,0,3.2,0.1,3
173111,,,,酸味威士忌（16.8%）,100,76.9,119,498,0,0,13.4,0.1,44
182101,,,,夹心糖,100,1.1,494,2065,2.6,20.7,74.2,0,246.6
182102,,,,水果味软糖,100,8,369,1543,6,0.3,85.6,0.1,57.3
182201,,,,牛奶糖,100,0.7,435,1822,2.2,8.2,88.2,,2.7
182202,,,,酸奶软糖,100,1,404,1689,0,1.6,97.3,0,8.3
182203,,,,太妃糖,100,6,452,1891,3.7,16.5,72.8,,0
182301,,,,花生牛轧糖,100,2.1,453,1896,11.7,15.5,69.5,,91.5
182302,,,,花生芝麻酱,100,2.4,498,2082,21.3,25.3,48.7,,63.7
182303,,,,四味粽子糖,100,1,397,1662,0.1,0.4,98.3,0,44.6
182401,,,,巧克力（充气）,100,1.1,543,2271,9.2,32.8,54.9,,0
182402,,,,巧克力（果仁）,100,1,511,2138,9.9,33.5,53.5,,0
182403,,,,巧克力（黑）,100,,516,2157,4.2,30,63.1,5.9,11
182404,,,,巧克力（牛奶）,100,0.9,575,2407,8.2,39.2,49.9,,0
183012,,,,冰糖酸角,67,27,257,1076,2.3,0,68.9,6.9,120.7
183013,,,,甘草杏,60,42.1,155,649,2.7,1.1,46.1,12.5,2574.2
183014,,,,清凉杏肉,100,16.4,311,1300,2,0.2,79,,846.4
183015,,,,雪梅,70,17.2,260,1087,3.1,1.1,72.4,13,895.6
183016,,,,九制梅肉,100,15,257,1076,3.4,3.2,70.8,17.1,958
183017,,,,九制西梅,73,28.7,228,956,2.6,1.2,65.9,14.1,4.3
183018,,,,九制应子,83,28.7,157,655,2.3,0.6,48.6,13.1,8322.8
183019,,,,梅脯,100,19.4,308,1290,0.3,1.1,78.8,4.5,85.5
183020,,,,阿胶枣,100,14.7,334,1398,2.5,0.2,82,,492.9
183021,,,,黑贡枣,100,17.3,305,1277,2.7,0.9,78,6.4,7.9
183022,,,,野酸枣,,16.3,326,1362,2.7,0.5,79.6,,169
183023,,,,多味山楂,89,30.9,249,1040,1.8,1.9,61.8,,4247.5
183024,,,,山楂脯,100,35.6,255,1065,0.5,0.6,62.9,,619.3
183025,,,,地瓜干,100,12.1,338,1414,2.4,0.1,83.9,,1287.4
184001,,,,蜂蜜,100,22,321,1343,0.4,1.9,75.6,,0.3
184002,,,,蜂蜜（槐花）,100,10,361,1512,0.2,0.3,89.5,,2
184003,,,,蜂蜜（天麻）,100,18.2,326,1364,5.2,0.3,75.7,,11.1
184004,,,,蜂蜜（硬蜜）,100,18.5,328,1372,0.3,0.5,80.5,,15.4
184005,,,,蜂蜜（油菜花）,100,15.8,338,1414,0.2,0.3,83.7,,4
192020,9,,,核桃油,100,0.1,895,3745,0,99.1,0.8,0,1.8
192021,9,,,花生油,100,0,900,3764,0,99.9,0.1,0,2.8
192022,9,,,葵花籽油,100,0,900,3764,0,99.9,0.1,0,2.1
192023,9,,,粟米油[玉米胚芽油],100,0,900,3766,0,100,0,0,4.1
192024,9,,,米糠油,100,0,894,3738,0,98.7,1.3,0,1.8
192025,9,,,油菜籽油,100,0.2,898,3758,0,99.8,0,0,1.4
192026,9,,,芝麻油,100,0.1,898,3758,0,99.7,0.2,0,0.3
192027,9,,,大豆色拉,100,0,900,3764,0,99.9,0.1,0,9.1
192028,9,,,色拉油,100,0,899,3759,0,99.7,0.3,0,1.9
201011,,,,黄豆酱油,100,76.2,38,159,5.1,0.2,4.3,,5699.8
201012,,,,老抽,100,51.5,129,539,7.9,0.3,23.8,,6910.4
201013,,,,生抽,100,81.2,20,83,4.8,0.1,0,0,6384.7
203116,,,,海鲜酱（阿香婆）,100,14.8,492,2056,3,41.1,28.2,,2107
203117,,,,牛肉酱（阿香婆）,100,16.8,488,2043,6.2,43,22.2,,1260.5
203118,,,,花生酱,100,0.4,616,2577,22.2,53.1,20.9,,483.4
203119,,,,花生酱（加巧克力）,100,0.4,633,2647,19.6,55.4,22.1,8.2,214.5
203120,,,,芝麻酱,100,0.4,687,2875,18,66.8,9.4,,5.4
203121,,,,千岛沙拉酱,100,32.5,475,1986,2.3,43.4,19.8,1.1,638.6
203122,,,,沙拉酱,100,15.4,724,3028,2.8,78.8,1,,733.6
203123,,,,奶油攀司,100,0.4,605,2530,2.9,42,53.8,0,68.5
203207,,,,草莓酱,100,29.2,284,1190,0.3,1.1,69.3,1,1.3
203208,,,,番茄沙司,100,67.4,112,469,1,0.2,28,1.4,1046.8
204006,,,,腐乳（香辣味）,100,67.8,158,660,13.1,11.6,0.8,,2020
204007,,,,腐乳（白，石宝寨牌）[酱豆腐],100,67.4,115,479,9.5,7.7,2.7,,5008.2
204008,,,,腐乳（白，王致和牌）[酱豆腐],100,69.2,153,642,12.3,11.6,0.6,,2080
205036,,,,剁辣椒,100,75.2,30,125,1.4,0.5,10.8,5.9,2443.2
205037,,,,酱八宝菜,100,68.9,120,501,5.6,6.1,13.8,,2620
205038,,,,酱甘露,100,77.4,68,285,3,0.4,14,,2470
205039,,,,酱花生米,100,36.6,367,1535,17.2,31.9,11.3,,970
205040,,,,酱籽萝,100,77.3,57,237,2.9,0.4,11.2,,3020
205041,,,,麻仁金丝,100,76.1,63,264,3.1,0.6,12.7,,3280
205042,,,,雪菜,100,82.2,22,92,1.5,1.6,8.7,8.3,1708.4
205043,,,,腌大头菜,100,59.4,58,243,7,0.2,11.3,4.2,0
205044,,,,腌芥菜头,100,68.7,20,83,2.4,0.1,5.6,3.3,0
205045,,,,腌韭菜花,100,80,27,112,2.8,0.6,3.8,,4600
205046,,,,腌萝卜条,100,78.7,44,183,0.6,0.3,15.3,5.7,0
205047,,,,榨菜（鱼泉牌）,100,85.2,34,141,1.8,2,4.8,,1677.7
205048,,,,榨菜（正林牌）,100,87.2,10,42,1.5,0.1,4.1,3.3,2461.7
206011,,,,咖喱粉,100,5.7,415,1736,13,12.2,63.3,36.9,40
207202,,,,鸡粉,100,1.6,224,937,13.2,5.1,32.4,1.1,19041.8
207203,,,,鸡精,100,2.4,195,817,10.7,2.8,32.5,0.7,18864.4
207401,,,,料酒,100,99.1,1,5,0.3,0,0,0,270
219014,,,,蜂蛹[蜂胚、蜂仔],100,80.8,100,418,10.6,5.4,2.3,,12
219015,,,,蜂蛹（油蜂）,100,7.7,669,2797,20,61.4,9,,299.3
219016,,,,蜂蛹（大黄蜂）,100,76.7,109,456,12.1,3.8,6.6,,15.8
219017,,,,葛根,91,51.3,181,759,1.5,0.2,45.6,,3.3
219018,,,,花椒叶（干）,100,12.3,236,987,16.7,0.7,61,,0
219019,,,,花粉（油花）,100,8.4,397,1661,24.6,11.1,52.7,,5.7
219020,,,,花粉（油松）[松花粉],100,6.4,251,1050,9.6,7.7,72.5,,55.4
219021,,,,花粉（荞麦）,100,8.3,353,1477,14.9,4.2,67.3,,0
219022,,,,牛蛙,30,79.4,81,338,15.7,0.5,3.4,,34.5
219023,,,,仙人掌（食用）,82,92.7,9,37,0.5,0,4.6,2.9,2.8
219024,,,,仙人掌果[仙桃],80,90.8,17,72,1.1,0.1,6.8,3.8,14.4
219025,,,,仙人掌籽,100,3.5,96,401,7.4,5.1,81.7,76.6,15.9
